neurons,gradient_method,r2,blob_r2,mse,background_r2
1000,None,0.9787652071211603,0.7968985500737447,1.634328100408311e-06,0.9797507485973685
1000,RBF,0.9794609268875534,0.9106471000384414,1.5807822819624562e-06,0.9794923188379357
5000,None,0.9934298756118749,0.8541186232877548,5.05667230754625e-07,0.9944496184214415
5000,RBF,0.9902114179862921,0.9307949170068088,7.53374649775651e-07,0.990455528599687
10000,None,0.987430072921105,0.8022708193001364,9.674398597780964e-07,0.9886806082510936
10000,RBF,0.9885637294869066,0.9197260365233209,8.801883950582123e-07,0.9888439370771784
